https://youtu.be/RtpDU_nGRIM	
https://youtu.be/arSRLHbQvzU	
https://youtu.be/jLDUXj6V3bA	
https://youtu.be/ZkYOvViSx3E	
https://youtu.be/6_P-d6yfTb4	
https://youtu.be/Fv1cvFEYPwA	
https://youtu.be/57sdqEd48Fc	
https://youtu.be/4jDAKS2V3jY	
https://youtu.be/C0PuCgQrxZU	
https://youtu.be/2erlC7R3OEI	
https://youtu.be/tC1amOAkojE	
https://youtu.be/qnpMplNJF6g	
https://youtu.be/Rc2XHfk_jss	
https://youtu.be/-vAgZpyfv40	
https://youtu.be/PymyBRzlRXc	
https://youtu.be/fGRAgibY5N4	
https://youtu.be/Y17Y_8RK6pc	
https://youtu.be/84OGUeXQDfk	
https://youtu.be/BQj7sy2MmOA	
https://youtu.be/uUR6l3eWiNc	
https://youtu.be/ilkgBo461E4	
https://youtu.be/3gD1uqrH_rk	
https://youtu.be/GP87YVZvHdU
